2025-11-24 00:56:31,arif,Melihat daftar mod,-
2025-11-24 00:56:46,arif,Menambah mod,tes
2025-11-24 00:56:49,arif,Melihat daftar mod,-
2025-11-26 22:45:52,dova,Melihat daftar mod,-
2025-11-26 22:46:27,dova,Melihat daftar mod,-
2025-11-26 22:47:06,arif,Melihat daftar mod,-
2025-11-26 22:47:19,arif,Melihat daftar mod,-
2025-11-26 22:52:05,arif,Menambah mod,Xaero's Minimap
2025-11-26 22:52:26,arif,Menghapus mod,Xaero's Minimap
2025-11-26 22:52:28,arif,Melihat daftar mod,-
2025-11-26 22:56:30,arif,Menambah mod,AppleSkin
2025-11-26 23:33:44,arif,Mengedit ukuran,AppleSkin
2025-11-26 23:34:19,arif,Menghapus mod,JEI
2025-11-26 23:36:16,admin,Melihat daftar user,-
2025-11-26 23:36:49,admin,Menambah user baru,ghina
2025-11-26 23:39:29,admin,Mengedit user,dova
2025-11-26 23:40:31,admin,Menghapus user,dova
2025-11-26 23:40:40,admin,Melihat daftar user,-
2025-11-26 23:40:42,admin,Melihat daftar user,-
2025-11-26 23:47:29,sp,Melihat daftar user,-
2025-11-26 23:48:32,sp,Menambah user baru,cordova
2025-11-26 23:48:37,sp,Melihat daftar user,-
2025-11-26 23:49:40,sp,Mengedit user,cordova
